 ,Label,Area,Mean,X,Y
1,MAX_052121_Hela_CBS_C+A_48h_Flag TR_MCP JF646_100x_ - 1_c561_Probabilities.h5,4,41450.2,555.0,15.0
2,MAX_052121_Hela_CBS_C+A_48h_Flag TR_MCP JF646_100x_ - 1_c561_Probabilities.h5,2,37682.5,203.0,18.5
3,MAX_052121_Hela_CBS_C+A_48h_Flag TR_MCP JF646_100x_ - 1_c561_Probabilities.h5,1,51772.0,255.5,18.5
4,MAX_052121_Hela_CBS_C+A_48h_Flag TR_MCP JF646_100x_ - 1_c561_Probabilities.h5,8,36207.6,186.4,25.4
5,MAX_052121_Hela_CBS_C+A_48h_Flag TR_MCP JF646_100x_ - 1_c561_Probabilities.h5,1,39321.0,327.5,26.5
6,MAX_052121_Hela_CBS_C+A_48h_Flag TR_MCP JF646_100x_ - 1_c561_Probabilities.h5,5,38927.2,473.5,27.3
7,MAX_052121_Hela_CBS_C+A_48h_Flag TR_MCP JF646_100x_ - 1_c561_Probabilities.h5,1,38010.0,594.5,28.5
8,MAX_052121_Hela_CBS_C+A_48h_Flag TR_MCP JF646_100x_ - 1_c561_Probabilities.h5,3,34733.0,170.8,32.8
9,MAX_052121_Hela_CBS_C+A_48h_Flag TR_MCP JF646_100x_ - 1_c561_Probabilities.h5,7,37541.4,562.8,39.5
10,MAX_052121_Hela_CBS_C+A_48h_Flag TR_MCP JF646_100x_ - 1_c561_Probabilities.h5,1,38665.0,237.5,43.5
11,MAX_052121_Hela_CBS_C+A_48h_Flag TR_MCP JF646_100x_ - 1_c561_Probabilities.h5,2,35388.0,253.5,44.0
12,MAX_052121_Hela_CBS_C+A_48h_Flag TR_MCP JF646_100x_ - 1_c561_Probabilities.h5,4,38665.2,61.0,45.5
13,MAX_052121_Hela_CBS_C+A_48h_Flag TR_MCP JF646_100x_ - 1_c561_Probabilities.h5,1,38665.0,249.5,46.5
14,MAX_052121_Hela_CBS_C+A_48h_Flag TR_MCP JF646_100x_ - 1_c561_Probabilities.h5,1,39976.0,269.5,47.5
15,MAX_052121_Hela_CBS_C+A_48h_Flag TR_MCP JF646_100x_ - 1_c561_Probabilities.h5,3,41723.7,358.2,49.8
16,MAX_052121_Hela_CBS_C+A_48h_Flag TR_MCP JF646_100x_ - 1_c561_Probabilities.h5,3,40412.7,563.8,51.2
17,MAX_052121_Hela_CBS_C+A_48h_Flag TR_MCP JF646_100x_ - 1_c561_Probabilities.h5,2,41614.5,344.0,52.5
18,MAX_052121_Hela_CBS_C+A_48h_Flag TR_MCP JF646_100x_ - 1_c561_Probabilities.h5,4,37682.0,225.2,54.5
19,MAX_052121_Hela_CBS_C+A_48h_Flag TR_MCP JF646_100x_ - 1_c561_Probabilities.h5,3,43034.0,231.2,59.8
20,MAX_052121_Hela_CBS_C+A_48h_Flag TR_MCP JF646_100x_ - 1_c561_Probabilities.h5,1,34078.0,484.5,60.5
21,MAX_052121_Hela_CBS_C+A_48h_Flag TR_MCP JF646_100x_ - 1_c561_Probabilities.h5,4,42433.5,501.0,64.0
22,MAX_052121_Hela_CBS_C+A_48h_Flag TR_MCP JF646_100x_ - 1_c561_Probabilities.h5,4,41123.0,185.0,66.0
23,MAX_052121_Hela_CBS_C+A_48h_Flag TR_MCP JF646_100x_ - 1_c561_Probabilities.h5,1,36699.0,175.5,69.5
24,MAX_052121_Hela_CBS_C+A_48h_Flag TR_MCP JF646_100x_ - 1_c561_Probabilities.h5,1,35388.0,91.5,70.5
25,MAX_052121_Hela_CBS_C+A_48h_Flag TR_MCP JF646_100x_ - 1_c561_Probabilities.h5,1,34078.0,336.5,70.5
26,MAX_052121_Hela_CBS_C+A_48h_Flag TR_MCP JF646_100x_ - 1_c561_Probabilities.h5,1,34733.0,165.5,77.5
27,MAX_052121_Hela_CBS_C+A_48h_Flag TR_MCP JF646_100x_ - 1_c561_Probabilities.h5,1,38010.0,261.5,77.5
28,MAX_052121_Hela_CBS_C+A_48h_Flag TR_MCP JF646_100x_ - 1_c561_Probabilities.h5,6,41614.3,163.3,86.7
29,MAX_052121_Hela_CBS_C+A_48h_Flag TR_MCP JF646_100x_ - 1_c561_Probabilities.h5,1,38010.0,63.5,88.5
30,MAX_052121_Hela_CBS_C+A_48h_Flag TR_MCP JF646_100x_ - 1_c561_Probabilities.h5,2,38665.0,103.5,90.0
31,MAX_052121_Hela_CBS_C+A_48h_Flag TR_MCP JF646_100x_ - 1_c561_Probabilities.h5,2,39976.0,129.5,92.0
32,MAX_052121_Hela_CBS_C+A_48h_Flag TR_MCP JF646_100x_ - 1_c561_Probabilities.h5,1,33422.0,538.5,91.5
33,MAX_052121_Hela_CBS_C+A_48h_Flag TR_MCP JF646_100x_ - 1_c561_Probabilities.h5,5,40762.4,236.3,94.9
34,MAX_052121_Hela_CBS_C+A_48h_Flag TR_MCP JF646_100x_ - 1_c561_Probabilities.h5,5,49544.0,325.1,95.3
35,MAX_052121_Hela_CBS_C+A_48h_Flag TR_MCP JF646_100x_ - 1_c561_Probabilities.h5,1,43908.0,79.5,96.5
36,MAX_052121_Hela_CBS_C+A_48h_Flag TR_MCP JF646_100x_ - 1_c561_Probabilities.h5,3,39102.0,217.8,98.8
37,MAX_052121_Hela_CBS_C+A_48h_Flag TR_MCP JF646_100x_ - 1_c561_Probabilities.h5,6,36262.2,618.7,101.7
38,MAX_052121_Hela_CBS_C+A_48h_Flag TR_MCP JF646_100x_ - 1_c561_Probabilities.h5,4,40467.5,209.0,102.0
39,MAX_052121_Hela_CBS_C+A_48h_Flag TR_MCP JF646_100x_ - 1_c561_Probabilities.h5,2,34733.0,240.0,102.5
40,MAX_052121_Hela_CBS_C+A_48h_Flag TR_MCP JF646_100x_ - 1_c561_Probabilities.h5,5,44825.4,545.3,104.1
41,MAX_052121_Hela_CBS_C+A_48h_Flag TR_MCP JF646_100x_ - 1_c561_Probabilities.h5,2,52427.5,275.0,108.5
42,MAX_052121_Hela_CBS_C+A_48h_Flag TR_MCP JF646_100x_ - 1_c561_Probabilities.h5,1,33422.0,142.5,112.5
43,MAX_052121_Hela_CBS_C+A_48h_Flag TR_MCP JF646_100x_ - 1_c561_Probabilities.h5,2,39976.0,233.0,114.5
44,MAX_052121_Hela_CBS_C+A_48h_Flag TR_MCP JF646_100x_ - 1_c561_Probabilities.h5,3,37354.3,190.8,119.2
45,MAX_052121_Hela_CBS_C+A_48h_Flag TR_MCP JF646_100x_ - 1_c561_Probabilities.h5,2,34078.0,202.0,118.5
46,MAX_052121_Hela_CBS_C+A_48h_Flag TR_MCP JF646_100x_ - 1_c561_Probabilities.h5,4,43089.0,59.0,121.0
47,MAX_052121_Hela_CBS_C+A_48h_Flag TR_MCP JF646_100x_ - 1_c561_Probabilities.h5,7,38852.3,520.8,123.5
48,MAX_052121_Hela_CBS_C+A_48h_Flag TR_MCP JF646_100x_ - 1_c561_Probabilities.h5,2,39648.0,167.0,126.5
49,MAX_052121_Hela_CBS_C+A_48h_Flag TR_MCP JF646_100x_ - 1_c561_Probabilities.h5,7,45312.3,596.2,128.5
50,MAX_052121_Hela_CBS_C+A_48h_Flag TR_MCP JF646_100x_ - 1_c561_Probabilities.h5,1,35388.0,207.5,128.5
51,MAX_052121_Hela_CBS_C+A_48h_Flag TR_MCP JF646_100x_ - 1_c561_Probabilities.h5,5,37485.4,145.9,133.7
52,MAX_052121_Hela_CBS_C+A_48h_Flag TR_MCP JF646_100x_ - 1_c561_Probabilities.h5,7,44001.6,321.5,134.8
53,MAX_052121_Hela_CBS_C+A_48h_Flag TR_MCP JF646_100x_ - 1_c561_Probabilities.h5,1,36699.0,365.5,134.5
54,MAX_052121_Hela_CBS_C+A_48h_Flag TR_MCP JF646_100x_ - 1_c561_Probabilities.h5,1,36044.0,170.5,135.5
55,MAX_052121_Hela_CBS_C+A_48h_Flag TR_MCP JF646_100x_ - 1_c561_Probabilities.h5,1,33422.0,363.5,135.5
56,MAX_052121_Hela_CBS_C+A_48h_Flag TR_MCP JF646_100x_ - 1_c561_Probabilities.h5,6,40303.3,378.0,135.8
57,MAX_052121_Hela_CBS_C+A_48h_Flag TR_MCP JF646_100x_ - 1_c561_Probabilities.h5,1,46529.0,94.5,139.5
58,MAX_052121_Hela_CBS_C+A_48h_Flag TR_MCP JF646_100x_ - 1_c561_Probabilities.h5,2,35061.0,388.0,140.5
59,MAX_052121_Hela_CBS_C+A_48h_Flag TR_MCP JF646_100x_ - 1_c561_Probabilities.h5,2,39976.0,119.5,144.0
60,MAX_052121_Hela_CBS_C+A_48h_Flag TR_MCP JF646_100x_ - 1_c561_Probabilities.h5,1,38665.0,95.5,145.5
61,MAX_052121_Hela_CBS_C+A_48h_Flag TR_MCP JF646_100x_ - 1_c561_Probabilities.h5,5,39975.8,565.5,147.5
62,MAX_052121_Hela_CBS_C+A_48h_Flag TR_MCP JF646_100x_ - 1_c561_Probabilities.h5,1,41942.0,597.5,146.5
63,MAX_052121_Hela_CBS_C+A_48h_Flag TR_MCP JF646_100x_ - 1_c561_Probabilities.h5,6,41286.7,380.7,148.3
64,MAX_052121_Hela_CBS_C+A_48h_Flag TR_MCP JF646_100x_ - 1_c561_Probabilities.h5,8,43416.4,419.9,148.5
65,MAX_052121_Hela_CBS_C+A_48h_Flag TR_MCP JF646_100x_ - 1_c561_Probabilities.h5,6,47512.3,407.3,150.3
66,MAX_052121_Hela_CBS_C+A_48h_Flag TR_MCP JF646_100x_ - 1_c561_Probabilities.h5,4,39975.8,573.0,150.0
67,MAX_052121_Hela_CBS_C+A_48h_Flag TR_MCP JF646_100x_ - 1_c561_Probabilities.h5,1,36044.0,67.5,154.5
68,MAX_052121_Hela_CBS_C+A_48h_Flag TR_MCP JF646_100x_ - 1_c561_Probabilities.h5,1,34733.0,528.5,155.5
69,MAX_052121_Hela_CBS_C+A_48h_Flag TR_MCP JF646_100x_ - 1_c561_Probabilities.h5,5,40893.4,427.5,158.5
70,MAX_052121_Hela_CBS_C+A_48h_Flag TR_MCP JF646_100x_ - 1_c561_Probabilities.h5,1,34078.0,422.5,162.5
71,MAX_052121_Hela_CBS_C+A_48h_Flag TR_MCP JF646_100x_ - 1_c561_Probabilities.h5,1,38010.0,472.5,162.5
72,MAX_052121_Hela_CBS_C+A_48h_Flag TR_MCP JF646_100x_ - 1_c561_Probabilities.h5,1,43253.0,451.5,163.5
73,MAX_052121_Hela_CBS_C+A_48h_Flag TR_MCP JF646_100x_ - 1_c561_Probabilities.h5,1,38010.0,385.5,165.5
74,MAX_052121_Hela_CBS_C+A_48h_Flag TR_MCP JF646_100x_ - 1_c561_Probabilities.h5,1,38665.0,415.5,165.5
75,MAX_052121_Hela_CBS_C+A_48h_Flag TR_MCP JF646_100x_ - 1_c561_Probabilities.h5,1,33422.0,222.5,167.5
76,MAX_052121_Hela_CBS_C+A_48h_Flag TR_MCP JF646_100x_ - 1_c561_Probabilities.h5,3,35825.0,383.2,168.2
77,MAX_052121_Hela_CBS_C+A_48h_Flag TR_MCP JF646_100x_ - 1_c561_Probabilities.h5,1,38010.0,507.5,167.5
78,MAX_052121_Hela_CBS_C+A_48h_Flag TR_MCP JF646_100x_ - 1_c561_Probabilities.h5,2,38665.0,179.0,168.5
79,MAX_052121_Hela_CBS_C+A_48h_Flag TR_MCP JF646_100x_ - 1_c561_Probabilities.h5,2,43580.5,255.5,169.0
80,MAX_052121_Hela_CBS_C+A_48h_Flag TR_MCP JF646_100x_ - 1_c561_Probabilities.h5,4,41614.2,414.0,169.0
81,MAX_052121_Hela_CBS_C+A_48h_Flag TR_MCP JF646_100x_ - 1_c561_Probabilities.h5,3,41068.0,197.8,174.8
82,MAX_052121_Hela_CBS_C+A_48h_Flag TR_MCP JF646_100x_ - 1_c561_Probabilities.h5,1,39321.0,254.5,174.5
83,MAX_052121_Hela_CBS_C+A_48h_Flag TR_MCP JF646_100x_ - 1_c561_Probabilities.h5,1,40631.0,134.5,176.5
84,MAX_052121_Hela_CBS_C+A_48h_Flag TR_MCP JF646_100x_ - 1_c561_Probabilities.h5,7,42316.4,443.4,178.1
85,MAX_052121_Hela_CBS_C+A_48h_Flag TR_MCP JF646_100x_ - 1_c561_Probabilities.h5,1,34733.0,227.5,177.5
86,MAX_052121_Hela_CBS_C+A_48h_Flag TR_MCP JF646_100x_ - 1_c561_Probabilities.h5,3,37791.7,142.8,179.8
87,MAX_052121_Hela_CBS_C+A_48h_Flag TR_MCP JF646_100x_ - 1_c561_Probabilities.h5,1,36044.0,160.5,182.5
88,MAX_052121_Hela_CBS_C+A_48h_Flag TR_MCP JF646_100x_ - 1_c561_Probabilities.h5,1,33422.0,218.5,186.5
89,MAX_052121_Hela_CBS_C+A_48h_Flag TR_MCP JF646_100x_ - 1_c561_Probabilities.h5,1,34078.0,415.5,191.5
90,MAX_052121_Hela_CBS_C+A_48h_Flag TR_MCP JF646_100x_ - 1_c561_Probabilities.h5,1,38010.0,253.5,196.5
91,MAX_052121_Hela_CBS_C+A_48h_Flag TR_MCP JF646_100x_ - 1_c561_Probabilities.h5,2,39320.5,610.0,197.5
92,MAX_052121_Hela_CBS_C+A_48h_Flag TR_MCP JF646_100x_ - 1_c561_Probabilities.h5,1,35388.0,105.5,198.5
93,MAX_052121_Hela_CBS_C+A_48h_Flag TR_MCP JF646_100x_ - 1_c561_Probabilities.h5,1,41287.0,426.5,204.5
94,MAX_052121_Hela_CBS_C+A_48h_Flag TR_MCP JF646_100x_ - 1_c561_Probabilities.h5,4,39812.0,497.8,206.0
95,MAX_052121_Hela_CBS_C+A_48h_Flag TR_MCP JF646_100x_ - 1_c561_Probabilities.h5,1,34078.0,294.5,210.5
96,MAX_052121_Hela_CBS_C+A_48h_Flag TR_MCP JF646_100x_ - 1_c561_Probabilities.h5,1,36044.0,215.5,211.5
97,MAX_052121_Hela_CBS_C+A_48h_Flag TR_MCP JF646_100x_ - 1_c561_Probabilities.h5,2,38993.0,477.0,211.5
98,MAX_052121_Hela_CBS_C+A_48h_Flag TR_MCP JF646_100x_ - 1_c561_Probabilities.h5,1,39976.0,79.5,215.5
99,MAX_052121_Hela_CBS_C+A_48h_Flag TR_MCP JF646_100x_ - 1_c561_Probabilities.h5,2,39320.5,551.5,217.0
100,MAX_052121_Hela_CBS_C+A_48h_Flag TR_MCP JF646_100x_ - 1_c561_Probabilities.h5,2,36043.5,385.5,218.0
101,MAX_052121_Hela_CBS_C+A_48h_Flag TR_MCP JF646_100x_ - 1_c561_Probabilities.h5,1,44563.0,36.5,224.5
102,MAX_052121_Hela_CBS_C+A_48h_Flag TR_MCP JF646_100x_ - 1_c561_Probabilities.h5,5,41942.0,458.1,229.7
103,MAX_052121_Hela_CBS_C+A_48h_Flag TR_MCP JF646_100x_ - 1_c561_Probabilities.h5,2,36043.5,71.0,229.5
104,MAX_052121_Hela_CBS_C+A_48h_Flag TR_MCP JF646_100x_ - 1_c561_Probabilities.h5,5,39582.6,360.7,230.1
105,MAX_052121_Hela_CBS_C+A_48h_Flag TR_MCP JF646_100x_ - 1_c561_Probabilities.h5,1,33422.0,70.5,232.5
106,MAX_052121_Hela_CBS_C+A_48h_Flag TR_MCP JF646_100x_ - 1_c561_Probabilities.h5,6,45000.2,439.5,233.0
107,MAX_052121_Hela_CBS_C+A_48h_Flag TR_MCP JF646_100x_ - 1_c561_Probabilities.h5,2,37354.5,601.0,234.5
108,MAX_052121_Hela_CBS_C+A_48h_Flag TR_MCP JF646_100x_ - 1_c561_Probabilities.h5,4,43252.8,187.0,238.0
109,MAX_052121_Hela_CBS_C+A_48h_Flag TR_MCP JF646_100x_ - 1_c561_Probabilities.h5,1,38010.0,228.5,238.5
110,MAX_052121_Hela_CBS_C+A_48h_Flag TR_MCP JF646_100x_ - 1_c561_Probabilities.h5,2,37682.0,527.0,240.5
111,MAX_052121_Hela_CBS_C+A_48h_Flag TR_MCP JF646_100x_ - 1_c561_Probabilities.h5,1,47840.0,48.5,242.5
112,MAX_052121_Hela_CBS_C+A_48h_Flag TR_MCP JF646_100x_ - 1_c561_Probabilities.h5,3,40631.0,250.2,246.2
113,MAX_052121_Hela_CBS_C+A_48h_Flag TR_MCP JF646_100x_ - 1_c561_Probabilities.h5,2,38992.5,520.5,246.0
114,MAX_052121_Hela_CBS_C+A_48h_Flag TR_MCP JF646_100x_ - 1_c561_Probabilities.h5,3,37572.7,538.2,246.2
115,MAX_052121_Hela_CBS_C+A_48h_Flag TR_MCP JF646_100x_ - 1_c561_Probabilities.h5,1,35388.0,48.5,248.5
116,MAX_052121_Hela_CBS_C+A_48h_Flag TR_MCP JF646_100x_ - 1_c561_Probabilities.h5,2,37682.0,470.5,249.0
117,MAX_052121_Hela_CBS_C+A_48h_Flag TR_MCP JF646_100x_ - 1_c561_Probabilities.h5,4,38337.5,476.8,252.5
118,MAX_052121_Hela_CBS_C+A_48h_Flag TR_MCP JF646_100x_ - 1_c561_Probabilities.h5,4,36699.0,484.0,254.0
119,MAX_052121_Hela_CBS_C+A_48h_Flag TR_MCP JF646_100x_ - 1_c561_Probabilities.h5,1,39976.0,55.5,255.5
120,MAX_052121_Hela_CBS_C+A_48h_Flag TR_MCP JF646_100x_ - 1_c561_Probabilities.h5,5,45349.6,438.7,258.1
121,MAX_052121_Hela_CBS_C+A_48h_Flag TR_MCP JF646_100x_ - 1_c561_Probabilities.h5,2,39648.0,466.0,260.5
122,MAX_052121_Hela_CBS_C+A_48h_Flag TR_MCP JF646_100x_ - 1_c561_Probabilities.h5,5,42990.4,313.3,262.9
123,MAX_052121_Hela_CBS_C+A_48h_Flag TR_MCP JF646_100x_ - 1_c561_Probabilities.h5,1,36699.0,325.5,261.5
124,MAX_052121_Hela_CBS_C+A_48h_Flag TR_MCP JF646_100x_ - 1_c561_Probabilities.h5,3,41286.7,210.2,262.8
125,MAX_052121_Hela_CBS_C+A_48h_Flag TR_MCP JF646_100x_ - 1_c561_Probabilities.h5,4,36699.0,343.0,264.0
126,MAX_052121_Hela_CBS_C+A_48h_Flag TR_MCP JF646_100x_ - 1_c561_Probabilities.h5,1,40631.0,138.5,265.5
127,MAX_052121_Hela_CBS_C+A_48h_Flag TR_MCP JF646_100x_ - 1_c561_Probabilities.h5,2,36699.0,142.5,267.0
128,MAX_052121_Hela_CBS_C+A_48h_Flag TR_MCP JF646_100x_ - 1_c561_Probabilities.h5,3,38228.0,196.8,268.8
129,MAX_052121_Hela_CBS_C+A_48h_Flag TR_MCP JF646_100x_ - 1_c561_Probabilities.h5,2,38665.0,246.0,273.5
130,MAX_052121_Hela_CBS_C+A_48h_Flag TR_MCP JF646_100x_ - 1_c561_Probabilities.h5,1,35388.0,619.5,273.5
131,MAX_052121_Hela_CBS_C+A_48h_Flag TR_MCP JF646_100x_ - 1_c561_Probabilities.h5,1,35388.0,13.5,275.5
132,MAX_052121_Hela_CBS_C+A_48h_Flag TR_MCP JF646_100x_ - 1_c561_Probabilities.h5,3,36699.0,528.8,275.8
133,MAX_052121_Hela_CBS_C+A_48h_Flag TR_MCP JF646_100x_ - 1_c561_Probabilities.h5,3,42160.7,277.8,282.8
134,MAX_052121_Hela_CBS_C+A_48h_Flag TR_MCP JF646_100x_ - 1_c561_Probabilities.h5,2,36043.5,615.5,283.0
135,MAX_052121_Hela_CBS_C+A_48h_Flag TR_MCP JF646_100x_ - 1_c561_Probabilities.h5,1,33422.0,361.5,284.5
136,MAX_052121_Hela_CBS_C+A_48h_Flag TR_MCP JF646_100x_ - 1_c561_Probabilities.h5,1,39321.0,164.5,287.5
137,MAX_052121_Hela_CBS_C+A_48h_Flag TR_MCP JF646_100x_ - 1_c561_Probabilities.h5,1,33422.0,99.5,288.5
138,MAX_052121_Hela_CBS_C+A_48h_Flag TR_MCP JF646_100x_ - 1_c561_Probabilities.h5,2,38665.0,207.0,288.5
139,MAX_052121_Hela_CBS_C+A_48h_Flag TR_MCP JF646_100x_ - 1_c561_Probabilities.h5,1,38665.0,313.5,289.5
140,MAX_052121_Hela_CBS_C+A_48h_Flag TR_MCP JF646_100x_ - 1_c561_Probabilities.h5,3,37572.7,455.8,289.8
141,MAX_052121_Hela_CBS_C+A_48h_Flag TR_MCP JF646_100x_ - 1_c561_Probabilities.h5,1,40631.0,284.5,290.5
142,MAX_052121_Hela_CBS_C+A_48h_Flag TR_MCP JF646_100x_ - 1_c561_Probabilities.h5,1,36044.0,579.5,295.5
143,MAX_052121_Hela_CBS_C+A_48h_Flag TR_MCP JF646_100x_ - 1_c561_Probabilities.h5,1,34078.0,260.5,298.5
144,MAX_052121_Hela_CBS_C+A_48h_Flag TR_MCP JF646_100x_ - 1_c561_Probabilities.h5,2,37682.0,409.5,301.0
145,MAX_052121_Hela_CBS_C+A_48h_Flag TR_MCP JF646_100x_ - 1_c561_Probabilities.h5,1,36044.0,446.5,300.5
146,MAX_052121_Hela_CBS_C+A_48h_Flag TR_MCP JF646_100x_ - 1_c561_Probabilities.h5,1,38665.0,121.5,307.5
147,MAX_052121_Hela_CBS_C+A_48h_Flag TR_MCP JF646_100x_ - 1_c561_Probabilities.h5,1,38665.0,275.5,308.5
148,MAX_052121_Hela_CBS_C+A_48h_Flag TR_MCP JF646_100x_ - 1_c561_Probabilities.h5,1,34733.0,262.5,310.5
149,MAX_052121_Hela_CBS_C+A_48h_Flag TR_MCP JF646_100x_ - 1_c561_Probabilities.h5,3,39757.3,327.2,315.2
150,MAX_052121_Hela_CBS_C+A_48h_Flag TR_MCP JF646_100x_ - 1_c561_Probabilities.h5,3,43252.7,404.8,314.8
151,MAX_052121_Hela_CBS_C+A_48h_Flag TR_MCP JF646_100x_ - 1_c561_Probabilities.h5,1,36044.0,69.5,315.5
152,MAX_052121_Hela_CBS_C+A_48h_Flag TR_MCP JF646_100x_ - 1_c561_Probabilities.h5,1,39321.0,434.5,315.5
153,MAX_052121_Hela_CBS_C+A_48h_Flag TR_MCP JF646_100x_ - 1_c561_Probabilities.h5,6,36480.5,114.5,317.0
154,MAX_052121_Hela_CBS_C+A_48h_Flag TR_MCP JF646_100x_ - 1_c561_Probabilities.h5,1,35388.0,62.5,319.5
155,MAX_052121_Hela_CBS_C+A_48h_Flag TR_MCP JF646_100x_ - 1_c561_Probabilities.h5,4,51935.8,341.0,320.0
156,MAX_052121_Hela_CBS_C+A_48h_Flag TR_MCP JF646_100x_ - 1_c561_Probabilities.h5,2,35388.0,324.5,322.0
157,MAX_052121_Hela_CBS_C+A_48h_Flag TR_MCP JF646_100x_ - 1_c561_Probabilities.h5,4,40958.8,453.0,322.0
158,MAX_052121_Hela_CBS_C+A_48h_Flag TR_MCP JF646_100x_ - 1_c561_Probabilities.h5,2,38665.0,161.0,323.5
159,MAX_052121_Hela_CBS_C+A_48h_Flag TR_MCP JF646_100x_ - 1_c561_Probabilities.h5,2,35060.5,553.5,327.0
160,MAX_052121_Hela_CBS_C+A_48h_Flag TR_MCP JF646_100x_ - 1_c561_Probabilities.h5,1,36699.0,276.5,332.5
161,MAX_052121_Hela_CBS_C+A_48h_Flag TR_MCP JF646_100x_ - 1_c561_Probabilities.h5,1,38010.0,366.5,332.5
162,MAX_052121_Hela_CBS_C+A_48h_Flag TR_MCP JF646_100x_ - 1_c561_Probabilities.h5,1,34078.0,14.5,333.5
163,MAX_052121_Hela_CBS_C+A_48h_Flag TR_MCP JF646_100x_ - 1_c561_Probabilities.h5,1,36699.0,174.5,334.5
164,MAX_052121_Hela_CBS_C+A_48h_Flag TR_MCP JF646_100x_ - 1_c561_Probabilities.h5,1,34078.0,384.5,334.5
165,MAX_052121_Hela_CBS_C+A_48h_Flag TR_MCP JF646_100x_ - 1_c561_Probabilities.h5,2,42597.5,337.5,339.0
166,MAX_052121_Hela_CBS_C+A_48h_Flag TR_MCP JF646_100x_ - 1_c561_Probabilities.h5,2,37027.0,47.0,339.5
167,MAX_052121_Hela_CBS_C+A_48h_Flag TR_MCP JF646_100x_ - 1_c561_Probabilities.h5,1,45219.0,347.5,340.5
168,MAX_052121_Hela_CBS_C+A_48h_Flag TR_MCP JF646_100x_ - 1_c561_Probabilities.h5,4,40467.2,331.0,342.0
169,MAX_052121_Hela_CBS_C+A_48h_Flag TR_MCP JF646_100x_ - 1_c561_Probabilities.h5,2,48823.0,592.5,342.0
170,MAX_052121_Hela_CBS_C+A_48h_Flag TR_MCP JF646_100x_ - 1_c561_Probabilities.h5,2,37026.5,407.0,343.5
171,MAX_052121_Hela_CBS_C+A_48h_Flag TR_MCP JF646_100x_ - 1_c561_Probabilities.h5,5,37878.8,579.9,344.7
172,MAX_052121_Hela_CBS_C+A_48h_Flag TR_MCP JF646_100x_ - 1_c561_Probabilities.h5,2,37682.0,118.0,345.5
173,MAX_052121_Hela_CBS_C+A_48h_Flag TR_MCP JF646_100x_ - 1_c561_Probabilities.h5,1,40631.0,284.5,347.5
174,MAX_052121_Hela_CBS_C+A_48h_Flag TR_MCP JF646_100x_ - 1_c561_Probabilities.h5,1,34733.0,295.5,348.5
175,MAX_052121_Hela_CBS_C+A_48h_Flag TR_MCP JF646_100x_ - 1_c561_Probabilities.h5,2,40303.5,88.5,350.0
176,MAX_052121_Hela_CBS_C+A_48h_Flag TR_MCP JF646_100x_ - 1_c561_Probabilities.h5,2,37354.5,566.5,350.0
177,MAX_052121_Hela_CBS_C+A_48h_Flag TR_MCP JF646_100x_ - 1_c561_Probabilities.h5,2,38009.5,107.5,351.0
178,MAX_052121_Hela_CBS_C+A_48h_Flag TR_MCP JF646_100x_ - 1_c561_Probabilities.h5,2,35716.0,162.0,350.5
179,MAX_052121_Hela_CBS_C+A_48h_Flag TR_MCP JF646_100x_ - 1_c561_Probabilities.h5,1,35388.0,401.5,351.5
180,MAX_052121_Hela_CBS_C+A_48h_Flag TR_MCP JF646_100x_ - 1_c561_Probabilities.h5,2,39320.5,547.5,352.0
181,MAX_052121_Hela_CBS_C+A_48h_Flag TR_MCP JF646_100x_ - 1_c561_Probabilities.h5,2,33750.0,14.0,353.0
182,MAX_052121_Hela_CBS_C+A_48h_Flag TR_MCP JF646_100x_ - 1_c561_Probabilities.h5,2,35388.0,231.0,355.5
183,MAX_052121_Hela_CBS_C+A_48h_Flag TR_MCP JF646_100x_ - 1_c561_Probabilities.h5,2,38009.5,336.0,358.0
184,MAX_052121_Hela_CBS_C+A_48h_Flag TR_MCP JF646_100x_ - 1_c561_Probabilities.h5,1,35388.0,619.5,358.5
185,MAX_052121_Hela_CBS_C+A_48h_Flag TR_MCP JF646_100x_ - 1_c561_Probabilities.h5,4,35552.2,71.0,360.0
186,MAX_052121_Hela_CBS_C+A_48h_Flag TR_MCP JF646_100x_ - 1_c561_Probabilities.h5,1,36699.0,359.5,360.5
187,MAX_052121_Hela_CBS_C+A_48h_Flag TR_MCP JF646_100x_ - 1_c561_Probabilities.h5,4,47021.0,228.0,364.0
188,MAX_052121_Hela_CBS_C+A_48h_Flag TR_MCP JF646_100x_ - 1_c561_Probabilities.h5,1,34733.0,259.5,364.5
189,MAX_052121_Hela_CBS_C+A_48h_Flag TR_MCP JF646_100x_ - 1_c561_Probabilities.h5,1,34078.0,386.5,364.5
190,MAX_052121_Hela_CBS_C+A_48h_Flag TR_MCP JF646_100x_ - 1_c561_Probabilities.h5,2,43908.0,6.5,366.0
191,MAX_052121_Hela_CBS_C+A_48h_Flag TR_MCP JF646_100x_ - 1_c561_Probabilities.h5,2,43580.5,102.0,365.5
192,MAX_052121_Hela_CBS_C+A_48h_Flag TR_MCP JF646_100x_ - 1_c561_Probabilities.h5,1,43908.0,537.5,365.5
193,MAX_052121_Hela_CBS_C+A_48h_Flag TR_MCP JF646_100x_ - 1_c561_Probabilities.h5,4,43416.5,58.0,367.0
194,MAX_052121_Hela_CBS_C+A_48h_Flag TR_MCP JF646_100x_ - 1_c561_Probabilities.h5,3,41068.0,161.8,368.2
195,MAX_052121_Hela_CBS_C+A_48h_Flag TR_MCP JF646_100x_ - 1_c561_Probabilities.h5,3,45437.0,96.2,369.8
196,MAX_052121_Hela_CBS_C+A_48h_Flag TR_MCP JF646_100x_ - 1_c561_Probabilities.h5,4,48004.0,80.0,377.0
197,MAX_052121_Hela_CBS_C+A_48h_Flag TR_MCP JF646_100x_ - 1_c561_Probabilities.h5,4,39484.5,45.8,378.5
198,MAX_052121_Hela_CBS_C+A_48h_Flag TR_MCP JF646_100x_ - 1_c561_Probabilities.h5,4,41614.0,159.0,378.0
199,MAX_052121_Hela_CBS_C+A_48h_Flag TR_MCP JF646_100x_ - 1_c561_Probabilities.h5,3,38883.7,346.8,378.8
200,MAX_052121_Hela_CBS_C+A_48h_Flag TR_MCP JF646_100x_ - 1_c561_Probabilities.h5,1,33422.0,614.5,378.5
201,MAX_052121_Hela_CBS_C+A_48h_Flag TR_MCP JF646_100x_ - 1_c561_Probabilities.h5,1,38665.0,343.5,379.5
202,MAX_052121_Hela_CBS_C+A_48h_Flag TR_MCP JF646_100x_ - 1_c561_Probabilities.h5,4,42433.5,132.5,381.8
203,MAX_052121_Hela_CBS_C+A_48h_Flag TR_MCP JF646_100x_ - 1_c561_Probabilities.h5,4,43580.2,210.0,382.0
204,MAX_052121_Hela_CBS_C+A_48h_Flag TR_MCP JF646_100x_ - 1_c561_Probabilities.h5,1,36044.0,436.5,382.5
205,MAX_052121_Hela_CBS_C+A_48h_Flag TR_MCP JF646_100x_ - 1_c561_Probabilities.h5,3,43689.7,244.2,384.8
206,MAX_052121_Hela_CBS_C+A_48h_Flag TR_MCP JF646_100x_ - 1_c561_Probabilities.h5,4,39975.8,532.2,386.5
207,MAX_052121_Hela_CBS_C+A_48h_Flag TR_MCP JF646_100x_ - 1_c561_Probabilities.h5,1,37354.0,197.5,386.5
208,MAX_052121_Hela_CBS_C+A_48h_Flag TR_MCP JF646_100x_ - 1_c561_Probabilities.h5,4,38501.2,232.5,387.8
209,MAX_052121_Hela_CBS_C+A_48h_Flag TR_MCP JF646_100x_ - 1_c561_Probabilities.h5,1,41942.0,299.5,388.5
210,MAX_052121_Hela_CBS_C+A_48h_Flag TR_MCP JF646_100x_ - 1_c561_Probabilities.h5,4,40958.8,34.0,392.0
211,MAX_052121_Hela_CBS_C+A_48h_Flag TR_MCP JF646_100x_ - 1_c561_Probabilities.h5,2,39648.0,251.0,391.5
212,MAX_052121_Hela_CBS_C+A_48h_Flag TR_MCP JF646_100x_ - 1_c561_Probabilities.h5,3,49369.0,126.2,392.8
213,MAX_052121_Hela_CBS_C+A_48h_Flag TR_MCP JF646_100x_ - 1_c561_Probabilities.h5,3,38883.7,75.8,393.8
214,MAX_052121_Hela_CBS_C+A_48h_Flag TR_MCP JF646_100x_ - 1_c561_Probabilities.h5,1,34733.0,319.5,399.5
215,MAX_052121_Hela_CBS_C+A_48h_Flag TR_MCP JF646_100x_ - 1_c561_Probabilities.h5,4,40467.2,530.0,400.0
216,MAX_052121_Hela_CBS_C+A_48h_Flag TR_MCP JF646_100x_ - 1_c561_Probabilities.h5,3,40631.3,151.2,401.2
217,MAX_052121_Hela_CBS_C+A_48h_Flag TR_MCP JF646_100x_ - 1_c561_Probabilities.h5,4,41614.2,97.5,401.8
218,MAX_052121_Hela_CBS_C+A_48h_Flag TR_MCP JF646_100x_ - 1_c561_Probabilities.h5,4,46529.5,119.0,402.0
219,MAX_052121_Hela_CBS_C+A_48h_Flag TR_MCP JF646_100x_ - 1_c561_Probabilities.h5,5,48495.2,195.9,403.3
220,MAX_052121_Hela_CBS_C+A_48h_Flag TR_MCP JF646_100x_ - 1_c561_Probabilities.h5,1,34733.0,566.5,402.5
221,MAX_052121_Hela_CBS_C+A_48h_Flag TR_MCP JF646_100x_ - 1_c561_Probabilities.h5,4,37682.0,550.0,404.0
222,MAX_052121_Hela_CBS_C+A_48h_Flag TR_MCP JF646_100x_ - 1_c561_Probabilities.h5,1,44563.0,224.5,404.5
223,MAX_052121_Hela_CBS_C+A_48h_Flag TR_MCP JF646_100x_ - 1_c561_Probabilities.h5,3,43908.0,115.2,407.2
224,MAX_052121_Hela_CBS_C+A_48h_Flag TR_MCP JF646_100x_ - 1_c561_Probabilities.h5,6,38774.3,611.0,407.5
225,MAX_052121_Hela_CBS_C+A_48h_Flag TR_MCP JF646_100x_ - 1_c561_Probabilities.h5,4,52099.8,101.0,409.0
226,MAX_052121_Hela_CBS_C+A_48h_Flag TR_MCP JF646_100x_ - 1_c561_Probabilities.h5,2,40631.0,148.0,410.5
227,MAX_052121_Hela_CBS_C+A_48h_Flag TR_MCP JF646_100x_ - 1_c561_Probabilities.h5,3,40631.3,532.8,412.2
228,MAX_052121_Hela_CBS_C+A_48h_Flag TR_MCP JF646_100x_ - 1_c561_Probabilities.h5,4,42597.2,132.0,414.0
229,MAX_052121_Hela_CBS_C+A_48h_Flag TR_MCP JF646_100x_ - 1_c561_Probabilities.h5,1,34733.0,400.5,413.5
230,MAX_052121_Hela_CBS_C+A_48h_Flag TR_MCP JF646_100x_ - 1_c561_Probabilities.h5,1,35388.0,513.5,413.5
231,MAX_052121_Hela_CBS_C+A_48h_Flag TR_MCP JF646_100x_ - 1_c561_Probabilities.h5,1,35388.0,217.5,415.5
232,MAX_052121_Hela_CBS_C+A_48h_Flag TR_MCP JF646_100x_ - 1_c561_Probabilities.h5,1,36044.0,396.5,415.5
233,MAX_052121_Hela_CBS_C+A_48h_Flag TR_MCP JF646_100x_ - 1_c561_Probabilities.h5,4,45218.8,156.0,418.0
234,MAX_052121_Hela_CBS_C+A_48h_Flag TR_MCP JF646_100x_ - 1_c561_Probabilities.h5,7,40725.0,413.5,418.8
235,MAX_052121_Hela_CBS_C+A_48h_Flag TR_MCP JF646_100x_ - 1_c561_Probabilities.h5,7,40724.6,612.2,418.5
236,MAX_052121_Hela_CBS_C+A_48h_Flag TR_MCP JF646_100x_ - 1_c561_Probabilities.h5,5,44432.2,285.5,419.5
237,MAX_052121_Hela_CBS_C+A_48h_Flag TR_MCP JF646_100x_ - 1_c561_Probabilities.h5,2,34405.5,146.0,419.5
238,MAX_052121_Hela_CBS_C+A_48h_Flag TR_MCP JF646_100x_ - 1_c561_Probabilities.h5,1,33422.0,524.5,419.5
239,MAX_052121_Hela_CBS_C+A_48h_Flag TR_MCP JF646_100x_ - 1_c561_Probabilities.h5,2,41286.5,514.0,421.5
240,MAX_052121_Hela_CBS_C+A_48h_Flag TR_MCP JF646_100x_ - 1_c561_Probabilities.h5,1,36044.0,413.5,422.5
241,MAX_052121_Hela_CBS_C+A_48h_Flag TR_MCP JF646_100x_ - 1_c561_Probabilities.h5,4,50461.5,591.0,423.0
242,MAX_052121_Hela_CBS_C+A_48h_Flag TR_MCP JF646_100x_ - 1_c561_Probabilities.h5,5,45218.6,75.9,424.3
243,MAX_052121_Hela_CBS_C+A_48h_Flag TR_MCP JF646_100x_ - 1_c561_Probabilities.h5,5,38534.0,224.1,424.7
244,MAX_052121_Hela_CBS_C+A_48h_Flag TR_MCP JF646_100x_ - 1_c561_Probabilities.h5,5,48233.4,169.3,424.9
245,MAX_052121_Hela_CBS_C+A_48h_Flag TR_MCP JF646_100x_ - 1_c561_Probabilities.h5,6,45764.8,182.0,429.5
246,MAX_052121_Hela_CBS_C+A_48h_Flag TR_MCP JF646_100x_ - 1_c561_Probabilities.h5,4,43088.8,215.0,429.0
247,MAX_052121_Hela_CBS_C+A_48h_Flag TR_MCP JF646_100x_ - 1_c561_Probabilities.h5,5,42597.0,145.5,430.5
248,MAX_052121_Hela_CBS_C+A_48h_Flag TR_MCP JF646_100x_ - 1_c561_Probabilities.h5,2,40631.0,409.0,430.5
249,MAX_052121_Hela_CBS_C+A_48h_Flag TR_MCP JF646_100x_ - 1_c561_Probabilities.h5,6,45218.7,224.7,436.3
250,MAX_052121_Hela_CBS_C+A_48h_Flag TR_MCP JF646_100x_ - 1_c561_Probabilities.h5,5,49413.0,293.3,435.9
251,MAX_052121_Hela_CBS_C+A_48h_Flag TR_MCP JF646_100x_ - 1_c561_Probabilities.h5,5,47577.8,93.1,442.3
252,MAX_052121_Hela_CBS_C+A_48h_Flag TR_MCP JF646_100x_ - 1_c561_Probabilities.h5,1,40631.0,485.5,442.5
253,MAX_052121_Hela_CBS_C+A_48h_Flag TR_MCP JF646_100x_ - 1_c561_Probabilities.h5,7,43439.9,98.2,445.5
254,MAX_052121_Hela_CBS_C+A_48h_Flag TR_MCP JF646_100x_ - 1_c561_Probabilities.h5,4,36371.5,518.0,445.0
255,MAX_052121_Hela_CBS_C+A_48h_Flag TR_MCP JF646_100x_ - 1_c561_Probabilities.h5,2,45546.5,40.0,445.5
256,MAX_052121_Hela_CBS_C+A_48h_Flag TR_MCP JF646_100x_ - 1_c561_Probabilities.h5,6,45437.2,132.5,448.0
257,MAX_052121_Hela_CBS_C+A_48h_Flag TR_MCP JF646_100x_ - 1_c561_Probabilities.h5,5,47053.6,309.9,450.3
258,MAX_052121_Hela_CBS_C+A_48h_Flag TR_MCP JF646_100x_ - 1_c561_Probabilities.h5,4,42597.0,363.0,454.0
259,MAX_052121_Hela_CBS_C+A_48h_Flag TR_MCP JF646_100x_ - 1_c561_Probabilities.h5,1,48495.0,605.5,453.5
260,MAX_052121_Hela_CBS_C+A_48h_Flag TR_MCP JF646_100x_ - 1_c561_Probabilities.h5,2,40959.0,367.5,458.0
261,MAX_052121_Hela_CBS_C+A_48h_Flag TR_MCP JF646_100x_ - 1_c561_Probabilities.h5,7,45593.1,112.5,460.8
262,MAX_052121_Hela_CBS_C+A_48h_Flag TR_MCP JF646_100x_ - 1_c561_Probabilities.h5,6,42051.2,136.3,461.3
263,MAX_052121_Hela_CBS_C+A_48h_Flag TR_MCP JF646_100x_ - 1_c561_Probabilities.h5,1,34078.0,443.5,460.5
264,MAX_052121_Hela_CBS_C+A_48h_Flag TR_MCP JF646_100x_ - 1_c561_Probabilities.h5,2,40303.5,33.5,462.0
265,MAX_052121_Hela_CBS_C+A_48h_Flag TR_MCP JF646_100x_ - 1_c561_Probabilities.h5,7,36511.9,115.6,464.8
266,MAX_052121_Hela_CBS_C+A_48h_Flag TR_MCP JF646_100x_ - 1_c561_Probabilities.h5,2,45874.0,372.0,463.5
267,MAX_052121_Hela_CBS_C+A_48h_Flag TR_MCP JF646_100x_ - 1_c561_Probabilities.h5,2,37682.0,528.5,464.0
268,MAX_052121_Hela_CBS_C+A_48h_Flag TR_MCP JF646_100x_ - 1_c561_Probabilities.h5,6,37682.0,251.3,469.3
269,MAX_052121_Hela_CBS_C+A_48h_Flag TR_MCP JF646_100x_ - 1_c561_Probabilities.h5,2,35061.0,613.0,470.5
270,MAX_052121_Hela_CBS_C+A_48h_Flag TR_MCP JF646_100x_ - 1_c561_Probabilities.h5,4,39975.8,527.0,472.0
271,MAX_052121_Hela_CBS_C+A_48h_Flag TR_MCP JF646_100x_ - 1_c561_Probabilities.h5,7,45593.1,57.2,475.5
272,MAX_052121_Hela_CBS_C+A_48h_Flag TR_MCP JF646_100x_ - 1_c561_Probabilities.h5,3,50024.7,349.2,476.8
273,MAX_052121_Hela_CBS_C+A_48h_Flag TR_MCP JF646_100x_ - 1_c561_Probabilities.h5,2,43252.5,561.0,477.5
274,MAX_052121_Hela_CBS_C+A_48h_Flag TR_MCP JF646_100x_ - 1_c561_Probabilities.h5,4,43580.2,344.0,481.0
275,MAX_052121_Hela_CBS_C+A_48h_Flag TR_MCP JF646_100x_ - 1_c561_Probabilities.h5,3,40194.3,461.8,480.8
276,MAX_052121_Hela_CBS_C+A_48h_Flag TR_MCP JF646_100x_ - 1_c561_Probabilities.h5,5,41548.6,581.9,481.3
277,MAX_052121_Hela_CBS_C+A_48h_Flag TR_MCP JF646_100x_ - 1_c561_Probabilities.h5,5,48102.0,544.7,484.1
278,MAX_052121_Hela_CBS_C+A_48h_Flag TR_MCP JF646_100x_ - 1_c561_Probabilities.h5,4,46529.2,117.5,489.2
279,MAX_052121_Hela_CBS_C+A_48h_Flag TR_MCP JF646_100x_ - 1_c561_Probabilities.h5,4,37846.0,591.5,494.8
280,MAX_052121_Hela_CBS_C+A_48h_Flag TR_MCP JF646_100x_ - 1_c561_Probabilities.h5,4,45710.2,161.0,506.0
281,MAX_052121_Hela_CBS_C+A_48h_Flag TR_MCP JF646_100x_ - 1_c561_Probabilities.h5,4,46529.2,137.0,512.0
282,MAX_052121_Hela_CBS_C+A_48h_Flag TR_MCP JF646_100x_ - 1_c561_Probabilities.h5,2,42269.5,545.0,516.5
283,MAX_052121_Hela_CBS_C+A_48h_Flag TR_MCP JF646_100x_ - 1_c561_Probabilities.h5,3,42160.0,159.2,517.8
284,MAX_052121_Hela_CBS_C+A_48h_Flag TR_MCP JF646_100x_ - 1_c561_Probabilities.h5,6,45874.0,303.5,519.0
285,MAX_052121_Hela_CBS_C+A_48h_Flag TR_MCP JF646_100x_ - 1_c561_Probabilities.h5,5,40368.8,101.3,520.9
286,MAX_052121_Hela_CBS_C+A_48h_Flag TR_MCP JF646_100x_ - 1_c561_Probabilities.h5,3,50898.0,379.8,522.2
287,MAX_052121_Hela_CBS_C+A_48h_Flag TR_MCP JF646_100x_ - 1_c561_Probabilities.h5,4,43416.5,402.0,522.0
288,MAX_052121_Hela_CBS_C+A_48h_Flag TR_MCP JF646_100x_ - 1_c561_Probabilities.h5,5,40631.2,117.3,523.9
289,MAX_052121_Hela_CBS_C+A_48h_Flag TR_MCP JF646_100x_ - 1_c561_Probabilities.h5,7,41193.0,411.2,524.5
290,MAX_052121_Hela_CBS_C+A_48h_Flag TR_MCP JF646_100x_ - 1_c561_Probabilities.h5,9,45801.3,286.8,525.4
291,MAX_052121_Hela_CBS_C+A_48h_Flag TR_MCP JF646_100x_ - 1_c561_Probabilities.h5,1,41287.0,0.5,526.5
292,MAX_052121_Hela_CBS_C+A_48h_Flag TR_MCP JF646_100x_ - 1_c561_Probabilities.h5,2,43253.0,415.0,530.5
293,MAX_052121_Hela_CBS_C+A_48h_Flag TR_MCP JF646_100x_ - 1_c561_Probabilities.h5,3,43252.7,140.2,533.8
294,MAX_052121_Hela_CBS_C+A_48h_Flag TR_MCP JF646_100x_ - 1_c561_Probabilities.h5,3,35606.7,552.8,535.2
295,MAX_052121_Hela_CBS_C+A_48h_Flag TR_MCP JF646_100x_ - 1_c561_Probabilities.h5,1,34078.0,587.5,536.5
296,MAX_052121_Hela_CBS_C+A_48h_Flag TR_MCP JF646_100x_ - 1_c561_Probabilities.h5,2,38010.0,76.5,544.0
297,MAX_052121_Hela_CBS_C+A_48h_Flag TR_MCP JF646_100x_ - 1_c561_Probabilities.h5,6,42488.0,175.0,550.5
298,MAX_052121_Hela_CBS_C+A_48h_Flag TR_MCP JF646_100x_ - 1_c561_Probabilities.h5,8,45628.2,244.4,551.4
299,MAX_052121_Hela_CBS_C+A_48h_Flag TR_MCP JF646_100x_ - 1_c561_Probabilities.h5,6,41286.5,510.7,551.7
300,MAX_052121_Hela_CBS_C+A_48h_Flag TR_MCP JF646_100x_ - 1_c561_Probabilities.h5,4,43908.0,435.0,565.0
301,MAX_052121_Hela_CBS_C+A_48h_Flag TR_MCP JF646_100x_ - 1_c561_Probabilities.h5,6,42269.7,383.0,573.5
302,MAX_052121_Hela_CBS_C+A_48h_Flag TR_MCP JF646_100x_ - 1_c561_Probabilities.h5,1,38010.0,137.5,574.5
303,MAX_052121_Hela_CBS_C+A_48h_Flag TR_MCP JF646_100x_ - 1_c561_Probabilities.h5,1,41287.0,151.5,576.5
304,MAX_052121_Hela_CBS_C+A_48h_Flag TR_MCP JF646_100x_ - 1_c561_Probabilities.h5,1,34733.0,483.5,577.5
305,MAX_052121_Hela_CBS_C+A_48h_Flag TR_MCP JF646_100x_ - 1_c561_Probabilities.h5,1,34078.0,608.5,578.5
306,MAX_052121_Hela_CBS_C+A_48h_Flag TR_MCP JF646_100x_ - 1_c561_Probabilities.h5,4,44072.0,34.0,580.0
307,MAX_052121_Hela_CBS_C+A_48h_Flag TR_MCP JF646_100x_ - 1_c561_Probabilities.h5,5,48102.2,165.3,579.9
308,MAX_052121_Hela_CBS_C+A_48h_Flag TR_MCP JF646_100x_ - 1_c561_Probabilities.h5,1,35388.0,548.5,582.5
309,MAX_052121_Hela_CBS_C+A_48h_Flag TR_MCP JF646_100x_ - 1_c561_Probabilities.h5,2,36371.5,59.5,596.0
310,MAX_052121_Hela_CBS_C+A_48h_Flag TR_MCP JF646_100x_ - 1_c561_Probabilities.h5,2,37682.5,426.0,595.5
311,MAX_052121_Hela_CBS_C+A_48h_Flag TR_MCP JF646_100x_ - 1_c561_Probabilities.h5,6,41395.8,414.0,598.5
312,MAX_052121_Hela_CBS_C+A_48h_Flag TR_MCP JF646_100x_ - 1_c561_Probabilities.h5,7,47559.1,457.2,598.5
313,MAX_052121_Hela_CBS_C+A_48h_Flag TR_MCP JF646_100x_ - 1_c561_Probabilities.h5,3,42597.3,402.2,599.2
314,MAX_052121_Hela_CBS_C+A_48h_Flag TR_MCP JF646_100x_ - 1_c561_Probabilities.h5,5,45349.8,441.1,601.7
315,MAX_052121_Hela_CBS_C+A_48h_Flag TR_MCP JF646_100x_ - 1_c561_Probabilities.h5,5,46660.2,484.3,603.1
316,MAX_052121_Hela_CBS_C+A_48h_Flag TR_MCP JF646_100x_ - 1_c561_Probabilities.h5,8,40713.2,550.4,607.4
317,MAX_052121_Hela_CBS_C+A_48h_Flag TR_MCP JF646_100x_ - 1_c561_Probabilities.h5,2,37027.0,93.0,610.5
318,MAX_052121_Hela_CBS_C+A_48h_Flag TR_MCP JF646_100x_ - 1_c561_Probabilities.h5,1,36044.0,50.5,611.5
319,MAX_052121_Hela_CBS_C+A_48h_Flag TR_MCP JF646_100x_ - 1_c561_Probabilities.h5,3,39320.7,22.2,612.8
320,MAX_052121_Hela_CBS_C+A_48h_Flag TR_MCP JF646_100x_ - 1_c561_Probabilities.h5,3,37572.7,426.8,613.2
321,MAX_052121_Hela_CBS_C+A_48h_Flag TR_MCP JF646_100x_ - 1_c561_Probabilities.h5,4,36207.5,427.0,618.0
322,MAX_052121_Hela_CBS_C+A_48h_Flag TR_MCP JF646_100x_ - 1_c561_Probabilities.h5,4,40139.5,176.2,620.5
323,MAX_052121_Hela_CBS_C+A_48h_Flag TR_MCP JF646_100x_ - 1_c561_Probabilities.h5,6,43471.2,517.7,621.2
324,MAX_052121_Hela_CBS_C+A_48h_Flag TR_MCP JF646_100x_ - 1_c561_Probabilities.h5,1,38010.0,207.5,621.5
325,MAX_052121_Hela_CBS_C+A_48h_Flag TR_MCP JF646_100x_ - 1_c561_Probabilities.h5,1,36044.0,500.5,621.5
326,MAX_052121_Hela_CBS_C+A_48h_Flag TR_MCP JF646_100x_ - 1_c561_Probabilities.h5,4,40958.8,588.0,623.0
327,MAX_052121_Hela_CBS_C+A_48h_Flag TR_MCP JF646_100x_ - 1_c561_Probabilities.h5,4,45054.8,414.0,629.0
328,MAX_052121_Hela_CBS_C+A_48h_Flag TR_MCP JF646_100x_ - 1_c561_Probabilities.h5,1,42597.0,101.5,630.5
329,MAX_052121_Hela_CBS_C+A_48h_Flag TR_MCP JF646_100x_ - 1_c561_Probabilities.h5,4,47512.0,442.0,632.0
330,MAX_052121_Hela_CBS_C+A_48h_Flag TR_MCP JF646_100x_ - 1_c561_Probabilities.h5,1,37354.0,592.5,632.5
331,MAX_052121_Hela_CBS_C+A_48h_Flag TR_MCP JF646_100x_ - 1_c561_Probabilities.h5,4,54885.2,211.0,634.0
332,MAX_052121_Hela_CBS_C+A_48h_Flag TR_MCP JF646_100x_ - 1_c561_Probabilities.h5,3,43471.0,429.2,633.8
333,MAX_052121_Hela_CBS_C+A_48h_Flag TR_MCP JF646_100x_ - 1_c561_Probabilities.h5,3,44563.3,46.2,636.2
334,MAX_052121_Hela_CBS_C+A_48h_Flag TR_MCP JF646_100x_ - 1_c561_Probabilities.h5,1,34733.0,130.5,636.5
335,MAX_052121_Hela_CBS_C+A_48h_Flag TR_MCP JF646_100x_ - 1_c561_Probabilities.h5,1,35388.0,589.5,636.5
336,MAX_052121_Hela_CBS_C+A_48h_Flag TR_MCP JF646_100x_ - 1_c561_Probabilities.h5,1,35388.0,535.5,638.5
337,MAX_052121_Hela_CBS_C+A_48h_Flag TR_MCP JF646_100x_ - 1_c561_Probabilities.h5,2,40303.5,214.5,643.0
338,MAX_052121_Hela_CBS_C+A_48h_Flag TR_MCP JF646_100x_ - 1_c561_Probabilities.h5,1,33422.0,281.5,642.5
339,MAX_052121_Hela_CBS_C+A_48h_Flag TR_MCP JF646_100x_ - 1_c561_Probabilities.h5,2,37354.5,330.0,643.5
340,MAX_052121_Hela_CBS_C+A_48h_Flag TR_MCP JF646_100x_ - 1_c561_Probabilities.h5,4,42761.2,565.0,644.0
341,MAX_052121_Hela_CBS_C+A_48h_Flag TR_MCP JF646_100x_ - 1_c561_Probabilities.h5,3,42597.0,53.8,644.8
342,MAX_052121_Hela_CBS_C+A_48h_Flag TR_MCP JF646_100x_ - 1_c561_Probabilities.h5,2,44235.5,442.5,645.0
343,MAX_052121_Hela_CBS_C+A_48h_Flag TR_MCP JF646_100x_ - 1_c561_Probabilities.h5,1,34078.0,617.5,644.5
344,MAX_052121_Hela_CBS_C+A_48h_Flag TR_MCP JF646_100x_ - 1_c561_Probabilities.h5,1,33422.0,163.5,648.5
345,MAX_052121_Hela_CBS_C+A_48h_Flag TR_MCP JF646_100x_ - 1_c561_Probabilities.h5,2,41614.0,187.5,650.0
346,MAX_052121_Hela_CBS_C+A_48h_Flag TR_MCP JF646_100x_ - 1_c561_Probabilities.h5,3,37354.7,118.2,652.2
347,MAX_052121_Hela_CBS_C+A_48h_Flag TR_MCP JF646_100x_ - 1_c561_Probabilities.h5,3,37354.3,228.8,654.8
348,MAX_052121_Hela_CBS_C+A_48h_Flag TR_MCP JF646_100x_ - 1_c561_Probabilities.h5,3,47184.7,366.2,655.2
349,MAX_052121_Hela_CBS_C+A_48h_Flag TR_MCP JF646_100x_ - 1_c561_Probabilities.h5,2,48168.0,452.5,655.0
350,MAX_052121_Hela_CBS_C+A_48h_Flag TR_MCP JF646_100x_ - 1_c561_Probabilities.h5,1,38665.0,62.5,655.5
351,MAX_052121_Hela_CBS_C+A_48h_Flag TR_MCP JF646_100x_ - 1_c561_Probabilities.h5,2,39975.5,233.5,656.0
352,MAX_052121_Hela_CBS_C+A_48h_Flag TR_MCP JF646_100x_ - 1_c561_Probabilities.h5,1,36044.0,395.5,655.5
353,MAX_052121_Hela_CBS_C+A_48h_Flag TR_MCP JF646_100x_ - 1_c561_Probabilities.h5,4,38665.2,372.0,657.0
354,MAX_052121_Hela_CBS_C+A_48h_Flag TR_MCP JF646_100x_ - 1_c561_Probabilities.h5,1,39321.0,41.5,657.5
355,MAX_052121_Hela_CBS_C+A_48h_Flag TR_MCP JF646_100x_ - 1_c561_Probabilities.h5,5,45873.8,198.9,659.3
356,MAX_052121_Hela_CBS_C+A_48h_Flag TR_MCP JF646_100x_ - 1_c561_Probabilities.h5,4,41941.8,264.0,659.0
357,MAX_052121_Hela_CBS_C+A_48h_Flag TR_MCP JF646_100x_ - 1_c561_Probabilities.h5,1,48495.0,402.5,658.5
358,MAX_052121_Hela_CBS_C+A_48h_Flag TR_MCP JF646_100x_ - 1_c561_Probabilities.h5,9,47112.0,315.5,660.5
359,MAX_052121_Hela_CBS_C+A_48h_Flag TR_MCP JF646_100x_ - 1_c561_Probabilities.h5,4,50789.2,420.0,661.0
360,MAX_052121_Hela_CBS_C+A_48h_Flag TR_MCP JF646_100x_ - 1_c561_Probabilities.h5,2,41614.5,259.0,662.5
361,MAX_052121_Hela_CBS_C+A_48h_Flag TR_MCP JF646_100x_ - 1_c561_Probabilities.h5,4,42597.2,228.5,664.2
362,MAX_052121_Hela_CBS_C+A_48h_Flag TR_MCP JF646_100x_ - 1_c561_Probabilities.h5,1,36044.0,381.5,665.5
363,MAX_052121_Hela_CBS_C+A_48h_Flag TR_MCP JF646_100x_ - 1_c561_Probabilities.h5,2,37354.5,240.0,670.5
364,MAX_052121_Hela_CBS_C+A_48h_Flag TR_MCP JF646_100x_ - 1_c561_Probabilities.h5,4,42761.0,296.0,673.0
365,MAX_052121_Hela_CBS_C+A_48h_Flag TR_MCP JF646_100x_ - 1_c561_Probabilities.h5,4,44399.8,370.0,673.0
366,MAX_052121_Hela_CBS_C+A_48h_Flag TR_MCP JF646_100x_ - 1_c561_Probabilities.h5,1,34078.0,595.5,673.5
367,MAX_052121_Hela_CBS_C+A_48h_Flag TR_MCP JF646_100x_ - 1_c561_Probabilities.h5,3,43034.3,267.8,674.8
368,MAX_052121_Hela_CBS_C+A_48h_Flag TR_MCP JF646_100x_ - 1_c561_Probabilities.h5,4,42761.0,377.5,675.0
369,MAX_052121_Hela_CBS_C+A_48h_Flag TR_MCP JF646_100x_ - 1_c561_Probabilities.h5,2,44563.0,241.0,675.5
370,MAX_052121_Hela_CBS_C+A_48h_Flag TR_MCP JF646_100x_ - 1_c561_Probabilities.h5,2,38665.5,99.0,676.5
371,MAX_052121_Hela_CBS_C+A_48h_Flag TR_MCP JF646_100x_ - 1_c561_Probabilities.h5,1,43253.0,342.5,676.5
372,MAX_052121_Hela_CBS_C+A_48h_Flag TR_MCP JF646_100x_ - 1_c561_Probabilities.h5,4,46037.8,369.0,679.0
373,MAX_052121_Hela_CBS_C+A_48h_Flag TR_MCP JF646_100x_ - 1_c561_Probabilities.h5,1,33422.0,86.5,680.5
374,MAX_052121_Hela_CBS_C+A_48h_Flag TR_MCP JF646_100x_ - 1_c561_Probabilities.h5,1,38665.0,135.5,684.5
375,MAX_052121_Hela_CBS_C+A_48h_Flag TR_MCP JF646_100x_ - 1_c561_Probabilities.h5,1,45874.0,282.5,686.5
376,MAX_052121_Hela_CBS_C+A_48h_Flag TR_MCP JF646_100x_ - 1_c561_Probabilities.h5,5,41155.6,366.7,687.9
377,MAX_052121_Hela_CBS_C+A_48h_Flag TR_MCP JF646_100x_ - 1_c561_Probabilities.h5,4,49478.5,416.0,688.0
378,MAX_052121_Hela_CBS_C+A_48h_Flag TR_MCP JF646_100x_ - 1_c561_Probabilities.h5,2,34405.5,137.0,688.5
379,MAX_052121_Hela_CBS_C+A_48h_Flag TR_MCP JF646_100x_ - 1_c561_Probabilities.h5,1,33422.0,220.5,688.5
380,MAX_052121_Hela_CBS_C+A_48h_Flag TR_MCP JF646_100x_ - 1_c561_Probabilities.h5,1,38665.0,194.5,689.5
381,MAX_052121_Hela_CBS_C+A_48h_Flag TR_MCP JF646_100x_ - 1_c561_Probabilities.h5,2,41942.0,278.0,689.5
382,MAX_052121_Hela_CBS_C+A_48h_Flag TR_MCP JF646_100x_ - 1_c561_Probabilities.h5,4,47512.2,358.0,691.0
383,MAX_052121_Hela_CBS_C+A_48h_Flag TR_MCP JF646_100x_ - 1_c561_Probabilities.h5,3,35606.7,383.8,692.8
384,MAX_052121_Hela_CBS_C+A_48h_Flag TR_MCP JF646_100x_ - 1_c561_Probabilities.h5,2,39648.0,87.0,693.5
385,MAX_052121_Hela_CBS_C+A_48h_Flag TR_MCP JF646_100x_ - 1_c561_Probabilities.h5,2,35060.5,290.0,695.5
386,MAX_052121_Hela_CBS_C+A_48h_Flag TR_MCP JF646_100x_ - 1_c561_Probabilities.h5,3,36043.7,424.8,695.8
387,MAX_052121_Hela_CBS_C+A_48h_Flag TR_MCP JF646_100x_ - 1_c561_Probabilities.h5,2,42925.0,326.0,697.5
388,MAX_052121_Hela_CBS_C+A_48h_Flag TR_MCP JF646_100x_ - 1_c561_Probabilities.h5,4,44891.2,230.0,700.0
389,MAX_052121_Hela_CBS_C+A_48h_Flag TR_MCP JF646_100x_ - 1_c561_Probabilities.h5,2,39320.5,565.0,699.5
390,MAX_052121_Hela_CBS_C+A_48h_Flag TR_MCP JF646_100x_ - 1_c561_Probabilities.h5,4,46857.0,245.0,701.0
391,MAX_052121_Hela_CBS_C+A_48h_Flag TR_MCP JF646_100x_ - 1_c561_Probabilities.h5,2,35061.0,316.5,703.0
392,MAX_052121_Hela_CBS_C+A_48h_Flag TR_MCP JF646_100x_ - 1_c561_Probabilities.h5,2,47184.5,125.5,704.0
393,MAX_052121_Hela_CBS_C+A_48h_Flag TR_MCP JF646_100x_ - 1_c561_Probabilities.h5,7,41567.6,257.8,704.5
394,MAX_052121_Hela_CBS_C+A_48h_Flag TR_MCP JF646_100x_ - 1_c561_Probabilities.h5,4,49642.2,43.0,705.0
395,MAX_052121_Hela_CBS_C+A_48h_Flag TR_MCP JF646_100x_ - 1_c561_Probabilities.h5,4,36207.5,483.0,706.0
396,MAX_052121_Hela_CBS_C+A_48h_Flag TR_MCP JF646_100x_ - 1_c561_Probabilities.h5,1,40631.0,319.5,707.5
397,MAX_052121_Hela_CBS_C+A_48h_Flag TR_MCP JF646_100x_ - 1_c561_Probabilities.h5,1,37354.0,388.5,707.5
398,MAX_052121_Hela_CBS_C+A_48h_Flag TR_MCP JF646_100x_ - 1_c561_Probabilities.h5,8,39976.0,250.6,709.4
399,MAX_052121_Hela_CBS_C+A_48h_Flag TR_MCP JF646_100x_ - 1_c561_Probabilities.h5,4,42269.5,73.5,713.8
400,MAX_052121_Hela_CBS_C+A_48h_Flag TR_MCP JF646_100x_ - 1_c561_Probabilities.h5,6,42378.7,228.5,716.0
401,MAX_052121_Hela_CBS_C+A_48h_Flag TR_MCP JF646_100x_ - 1_c561_Probabilities.h5,7,42690.7,320.5,716.2
402,MAX_052121_Hela_CBS_C+A_48h_Flag TR_MCP JF646_100x_ - 1_c561_Probabilities.h5,3,34733.0,304.8,717.8
403,MAX_052121_Hela_CBS_C+A_48h_Flag TR_MCP JF646_100x_ - 1_c561_Probabilities.h5,5,42597.4,471.3,718.9
404,MAX_052121_Hela_CBS_C+A_48h_Flag TR_MCP JF646_100x_ - 1_c561_Probabilities.h5,1,36044.0,215.5,719.5
405,MAX_052121_Hela_CBS_C+A_48h_Flag TR_MCP JF646_100x_ - 1_c561_Probabilities.h5,2,35716.0,341.0,719.5
406,MAX_052121_Hela_CBS_C+A_48h_Flag TR_MCP JF646_100x_ - 1_c561_Probabilities.h5,2,38993.0,236.0,721.5
407,MAX_052121_Hela_CBS_C+A_48h_Flag TR_MCP JF646_100x_ - 1_c561_Probabilities.h5,1,37354.0,408.5,724.5
408,MAX_052121_Hela_CBS_C+A_48h_Flag TR_MCP JF646_100x_ - 1_c561_Probabilities.h5,1,38010.0,194.5,726.5
409,MAX_052121_Hela_CBS_C+A_48h_Flag TR_MCP JF646_100x_ - 1_c561_Probabilities.h5,5,43514.8,479.1,728.3
410,MAX_052121_Hela_CBS_C+A_48h_Flag TR_MCP JF646_100x_ - 1_c561_Probabilities.h5,2,42270.0,277.0,729.5
411,MAX_052121_Hela_CBS_C+A_48h_Flag TR_MCP JF646_100x_ - 1_c561_Probabilities.h5,2,41614.5,340.5,734.0
412,MAX_052121_Hela_CBS_C+A_48h_Flag TR_MCP JF646_100x_ - 1_c561_Probabilities.h5,3,39757.3,309.2,734.8
413,MAX_052121_Hela_CBS_C+A_48h_Flag TR_MCP JF646_100x_ - 1_c561_Probabilities.h5,6,41286.5,59.5,741.0
414,MAX_052121_Hela_CBS_C+A_48h_Flag TR_MCP JF646_100x_ - 1_c561_Probabilities.h5,1,34733.0,309.5,741.5
415,MAX_052121_Hela_CBS_C+A_48h_Flag TR_MCP JF646_100x_ - 1_c561_Probabilities.h5,6,42815.7,435.3,743.7
416,MAX_052121_Hela_CBS_C+A_48h_Flag TR_MCP JF646_100x_ - 1_c561_Probabilities.h5,1,36699.0,175.5,743.5
417,MAX_052121_Hela_CBS_C+A_48h_Flag TR_MCP JF646_100x_ - 1_c561_Probabilities.h5,4,42269.5,332.0,744.0
418,MAX_052121_Hela_CBS_C+A_48h_Flag TR_MCP JF646_100x_ - 1_c561_Probabilities.h5,1,34733.0,314.5,745.5
419,MAX_052121_Hela_CBS_C+A_48h_Flag TR_MCP JF646_100x_ - 1_c561_Probabilities.h5,5,38796.4,269.7,747.5
420,MAX_052121_Hela_CBS_C+A_48h_Flag TR_MCP JF646_100x_ - 1_c561_Probabilities.h5,3,34951.7,378.8,746.8
421,MAX_052121_Hela_CBS_C+A_48h_Flag TR_MCP JF646_100x_ - 1_c561_Probabilities.h5,1,34733.0,620.5,747.5
422,MAX_052121_Hela_CBS_C+A_48h_Flag TR_MCP JF646_100x_ - 1_c561_Probabilities.h5,7,46061.3,281.5,749.2
423,MAX_052121_Hela_CBS_C+A_48h_Flag TR_MCP JF646_100x_ - 1_c561_Probabilities.h5,5,46922.2,24.1,750.7
424,MAX_052121_Hela_CBS_C+A_48h_Flag TR_MCP JF646_100x_ - 1_c561_Probabilities.h5,1,34733.0,415.5,751.5
425,MAX_052121_Hela_CBS_C+A_48h_Flag TR_MCP JF646_100x_ - 1_c561_Probabilities.h5,1,34733.0,201.5,753.5
426,MAX_052121_Hela_CBS_C+A_48h_Flag TR_MCP JF646_100x_ - 1_c561_Probabilities.h5,2,34733.0,405.5,758.0
427,MAX_052121_Hela_CBS_C+A_48h_Flag TR_MCP JF646_100x_ - 1_c561_Probabilities.h5,2,36371.5,487.5,759.0
428,MAX_052121_Hela_CBS_C+A_48h_Flag TR_MCP JF646_100x_ - 1_c561_Probabilities.h5,4,36535.2,443.2,764.2
429,MAX_052121_Hela_CBS_C+A_48h_Flag TR_MCP JF646_100x_ - 1_c561_Probabilities.h5,1,35388.0,529.5,769.5
430,MAX_052121_Hela_CBS_C+A_48h_Flag TR_MCP JF646_100x_ - 1_c561_Probabilities.h5,8,39729.9,36.1,772.2
431,MAX_052121_Hela_CBS_C+A_48h_Flag TR_MCP JF646_100x_ - 1_c561_Probabilities.h5,2,36371.5,469.5,774.0
432,MAX_052121_Hela_CBS_C+A_48h_Flag TR_MCP JF646_100x_ - 1_c561_Probabilities.h5,4,48495.5,314.0,775.0
433,MAX_052121_Hela_CBS_C+A_48h_Flag TR_MCP JF646_100x_ - 1_c561_Probabilities.h5,1,43253.0,101.5,779.5
434,MAX_052121_Hela_CBS_C+A_48h_Flag TR_MCP JF646_100x_ - 1_c561_Probabilities.h5,1,34078.0,101.5,781.5
435,MAX_052121_Hela_CBS_C+A_48h_Flag TR_MCP JF646_100x_ - 1_c561_Probabilities.h5,8,39894.0,329.6,785.6
436,MAX_052121_Hela_CBS_C+A_48h_Flag TR_MCP JF646_100x_ - 1_c561_Probabilities.h5,6,44126.2,353.5,796.0
437,MAX_052121_Hela_CBS_C+A_48h_Flag TR_MCP JF646_100x_ - 1_c561_Probabilities.h5,4,39976.2,249.5,798.8
438,MAX_052121_Hela_CBS_C+A_48h_Flag TR_MCP JF646_100x_ - 1_c561_Probabilities.h5,3,38883.7,176.8,799.8
439,MAX_052121_Hela_CBS_C+A_48h_Flag TR_MCP JF646_100x_ - 1_c561_Probabilities.h5,1,34733.0,358.5,806.5
440,MAX_052121_Hela_CBS_C+A_48h_Flag TR_MCP JF646_100x_ - 1_c561_Probabilities.h5,4,39320.8,163.5,808.2
441,MAX_052121_Hela_CBS_C+A_48h_Flag TR_MCP JF646_100x_ - 1_c561_Probabilities.h5,1,35388.0,230.5,809.5
442,MAX_052121_Hela_CBS_C+A_48h_Flag TR_MCP JF646_100x_ - 1_c561_Probabilities.h5,2,37354.5,364.0,812.0
443,MAX_052121_Hela_CBS_C+A_48h_Flag TR_MCP JF646_100x_ - 1_c561_Probabilities.h5,5,39451.6,349.5,815.7
444,MAX_052121_Hela_CBS_C+A_48h_Flag TR_MCP JF646_100x_ - 1_c561_Probabilities.h5,1,36044.0,378.5,818.5
445,MAX_052121_Hela_CBS_C+A_48h_Flag TR_MCP JF646_100x_ - 1_c561_Probabilities.h5,4,46365.5,135.0,822.0
446,MAX_052121_Hela_CBS_C+A_48h_Flag TR_MCP JF646_100x_ - 1_c561_Probabilities.h5,2,38993.0,5.5,830.0
447,MAX_052121_Hela_CBS_C+A_48h_Flag TR_MCP JF646_100x_ - 1_c561_Probabilities.h5,3,36917.7,389.8,830.8
448,MAX_052121_Hela_CBS_C+A_48h_Flag TR_MCP JF646_100x_ - 1_c561_Probabilities.h5,3,34514.3,536.8,834.2
449,MAX_052121_Hela_CBS_C+A_48h_Flag TR_MCP JF646_100x_ - 1_c561_Probabilities.h5,2,35716.0,271.0,836.5
450,MAX_052121_Hela_CBS_C+A_48h_Flag TR_MCP JF646_100x_ - 1_c561_Probabilities.h5,4,40139.5,532.0,843.5
451,MAX_052121_Hela_CBS_C+A_48h_Flag TR_MCP JF646_100x_ - 1_c561_Probabilities.h5,5,37092.4,392.3,846.1
452,MAX_052121_Hela_CBS_C+A_48h_Flag TR_MCP JF646_100x_ - 1_c561_Probabilities.h5,2,37354.5,311.0,855.0
453,MAX_052121_Hela_CBS_C+A_48h_Flag TR_MCP JF646_100x_ - 1_c561_Probabilities.h5,3,35388.3,344.2,854.8
454,MAX_052121_Hela_CBS_C+A_48h_Flag TR_MCP JF646_100x_ - 1_c561_Probabilities.h5,8,42597.2,399.6,861.4
455,MAX_052121_Hela_CBS_C+A_48h_Flag TR_MCP JF646_100x_ - 1_c561_Probabilities.h5,3,39102.3,264.8,865.2
456,MAX_052121_Hela_CBS_C+A_48h_Flag TR_MCP JF646_100x_ - 1_c561_Probabilities.h5,2,37027.0,490.5,868.0
457,MAX_052121_Hela_CBS_C+A_48h_Flag TR_MCP JF646_100x_ - 1_c561_Probabilities.h5,3,36043.7,308.8,871.2
458,MAX_052121_Hela_CBS_C+A_48h_Flag TR_MCP JF646_100x_ - 1_c561_Probabilities.h5,1,34078.0,395.5,871.5
459,MAX_052121_Hela_CBS_C+A_48h_Flag TR_MCP JF646_100x_ - 1_c561_Probabilities.h5,2,36043.5,258.0,872.5
460,MAX_052121_Hela_CBS_C+A_48h_Flag TR_MCP JF646_100x_ - 1_c561_Probabilities.h5,2,44563.0,342.0,873.5
461,MAX_052121_Hela_CBS_C+A_48h_Flag TR_MCP JF646_100x_ - 1_c561_Probabilities.h5,3,38665.3,500.5,875.5
462,MAX_052121_Hela_CBS_C+A_48h_Flag TR_MCP JF646_100x_ - 1_c561_Probabilities.h5,2,35716.0,60.0,876.5
463,MAX_052121_Hela_CBS_C+A_48h_Flag TR_MCP JF646_100x_ - 1_c561_Probabilities.h5,2,37027.0,249.0,876.5
464,MAX_052121_Hela_CBS_C+A_48h_Flag TR_MCP JF646_100x_ - 1_c561_Probabilities.h5,1,38010.0,449.5,876.5
465,MAX_052121_Hela_CBS_C+A_48h_Flag TR_MCP JF646_100x_ - 1_c561_Probabilities.h5,6,43034.0,350.3,878.3
466,MAX_052121_Hela_CBS_C+A_48h_Flag TR_MCP JF646_100x_ - 1_c561_Probabilities.h5,2,36043.5,325.0,879.5
467,MAX_052121_Hela_CBS_C+A_48h_Flag TR_MCP JF646_100x_ - 1_c561_Probabilities.h5,8,41286.8,342.5,881.0
468,MAX_052121_Hela_CBS_C+A_48h_Flag TR_MCP JF646_100x_ - 1_c561_Probabilities.h5,9,42087.4,403.6,887.8
469,MAX_052121_Hela_CBS_C+A_48h_Flag TR_MCP JF646_100x_ - 1_c561_Probabilities.h5,6,37572.8,87.3,889.7
470,MAX_052121_Hela_CBS_C+A_48h_Flag TR_MCP JF646_100x_ - 1_c561_Probabilities.h5,4,39484.5,275.5,890.2
471,MAX_052121_Hela_CBS_C+A_48h_Flag TR_MCP JF646_100x_ - 1_c561_Probabilities.h5,7,39133.1,79.5,892.2
472,MAX_052121_Hela_CBS_C+A_48h_Flag TR_MCP JF646_100x_ - 1_c561_Probabilities.h5,1,34078.0,231.5,891.5
473,MAX_052121_Hela_CBS_C+A_48h_Flag TR_MCP JF646_100x_ - 1_c561_Probabilities.h5,4,39648.2,292.0,896.0
474,MAX_052121_Hela_CBS_C+A_48h_Flag TR_MCP JF646_100x_ - 1_c561_Probabilities.h5,1,42597.0,63.5,899.5
475,MAX_052121_Hela_CBS_C+A_48h_Flag TR_MCP JF646_100x_ - 1_c561_Probabilities.h5,1,33422.0,84.5,902.5
476,MAX_052121_Hela_CBS_C+A_48h_Flag TR_MCP JF646_100x_ - 1_c561_Probabilities.h5,1,34733.0,313.5,903.5
477,MAX_052121_Hela_CBS_C+A_48h_Flag TR_MCP JF646_100x_ - 1_c561_Probabilities.h5,1,36044.0,451.5,903.5
478,MAX_052121_Hela_CBS_C+A_48h_Flag TR_MCP JF646_100x_ - 1_c561_Probabilities.h5,2,43580.5,88.0,909.5
479,MAX_052121_Hela_CBS_C+A_48h_Flag TR_MCP JF646_100x_ - 1_c561_Probabilities.h5,1,41287.0,289.5,909.5
480,MAX_052121_Hela_CBS_C+A_48h_Flag TR_MCP JF646_100x_ - 1_c561_Probabilities.h5,1,33422.0,520.5,916.5
481,MAX_052121_Hela_CBS_C+A_48h_Flag TR_MCP JF646_100x_ - 1_c561_Probabilities.h5,3,35607.0,250.2,918.8
